month,pressure
1,862.488506
2,889.455056
3,877.322917
4,806.329897
5,748.557047
6,745.054422
7,795.105634
8,873.829787
9,913.30597
10,887.3125
11,857.014493
12,842.156627
